"Index","Link","Rel","Type","Status"
7,"https://www.completecareshop.co.uk/bathroom-aids","dofollow","internal","active"
8,"https://www.completecareshop.co.uk/bathroom-aids/commodes-and-commode-chairs","dofollow","internal","active"
9,"https://www.completecareshop.co.uk/bathroom-aids/toilet-seats/raised-toilet-seats","dofollow","internal","active"
10,"https://www.completecareshop.co.uk/bathroom-aids/toilet-frames","dofollow","internal","active"
11,"https://www.completecareshop.co.uk/bathroom-aids/toileting-aids/toilet-reducer-rings-bidets","dofollow","internal","active"
12,"https://www.completecareshop.co.uk/bathroom-aids/toileting-slings","dofollow","internal","active"
13,"https://www.completecareshop.co.uk/bathroom-aids/toileting-aids/urinals-bed-pans","dofollow","internal","active"
14,"https://www.completecareshop.co.uk/bathroom-aids/toileting-aids/radar-toilet-keys","dofollow","internal","active"
15,"https://www.completecareshop.co.uk/bathroom-aids/toileting-aids/bottom-wipers-2","dofollow","internal","active"
16,"https://www.completecareshop.co.uk/bathroom-aids/toileting-aids/incontinence-disposal-systems","dofollow","internal","active"
17,"https://www.completecareshop.co.uk/bathroom-aids/shower-chairs-seats-and-stools","dofollow","internal","active"
18,"https://www.completecareshop.co.uk/bathroom-aids/bath-seats-and-chairs","dofollow","internal","active"
19,"https://www.completecareshop.co.uk/bathroom-aids/bath-shower-boards","dofollow","internal","active"
20,"https://www.completecareshop.co.uk/bathroom-aids/shower-trolleys-and-benches","dofollow","internal","active"
21,"https://www.completecareshop.co.uk/bathroom-aids/grab-rails","dofollow","internal","active"
22,"https://www.completecareshop.co.uk/bathroom-aids/bath-cushions-and-pillows","dofollow","internal","active"
23,"https://www.completecareshop.co.uk/bathroom-aids/shower-screens","dofollow","internal","active"
24,"https://www.completecareshop.co.uk/bathroom-aids/non-slip-bath-mats","dofollow","internal","active"
25,"https://www.completecareshop.co.uk/bathroom-aids/bath-steps","dofollow","internal","active"
26,"https://www.completecareshop.co.uk/bathroom-aids/bath-safety-aids","dofollow","internal","active"
27,"https://www.completecareshop.co.uk/bathroom-aids/sponges-and-washing-aids-2","dofollow","internal","active"
28,"https://www.completecareshop.co.uk/bathroom-aids/nail-clippers-scissors","dofollow","internal","active"
29,"https://www.completecareshop.co.uk/bathroom-aids/cast-bandage-protectors","dofollow","internal","active"
30,"https://www.completecareshop.co.uk/medical-supplies-aids/medical-hygeine-aids/hand-sanitisers","dofollow","internal","active"
31,"https://www.completecareshop.co.uk/bathroom-aids/bath-lifts","dofollow","internal","active"
32,"https://www.completecareshop.co.uk/bathroom-aids/bath-hoists","dofollow","internal","active"
33,"https://www.completecareshop.co.uk/stories/what-are-the-best-products-to-help-you-stay-safe-in-the-bathroom","dofollow","internal","active"
34,"https://www.completecareshop.co.uk/stories/top-tips-to-help-with-toileting-for-independent-living","dofollow","internal","active"
35,"https://www.completecareshop.co.uk/bedroom-aids","dofollow","internal","active"
36,"https://www.completecareshop.co.uk/bedroom-aids/beds-and-mattresses","dofollow","internal","active"
37,"https://www.completecareshop.co.uk/bedroom-aids/beds-and-mattresses/profiling-mattresses","dofollow","internal","active"
38,"https://www.completecareshop.co.uk/bedroom-aids/beds-and-mattresses/bed-rails-and-cot-sides","dofollow","internal","active"
39,"https://www.completecareshop.co.uk/bedroom-aids/pillows-and-pillowcases","dofollow","internal","active"
40,"https://www.completecareshop.co.uk/bedroom-aids/pressure-sore-prevention","dofollow","internal","active"
41,"https://www.completecareshop.co.uk/bedroom-aids/tables-2","dofollow","internal","active"
42,"https://www.completecareshop.co.uk/bedroom-aids/overbed-tables","dofollow","internal","active"
43,"https://www.completecareshop.co.uk/bedroom-aids/floor-and-table-lamps","dofollow","internal","active"
44,"https://www.completecareshop.co.uk/bedroom-aids/bedding-accessories/bed-trays","dofollow","internal","active"
45,"https://www.completecareshop.co.uk/bedroom-aids/cushions-2","dofollow","internal","active"
46,"https://www.completecareshop.co.uk/bedroom-aids/urinal-bottles-and-bed-pans-2","dofollow","internal","active"
47,"https://www.completecareshop.co.uk/bedroom-aids/phone-accessories-2","dofollow","internal","active"
48,"https://www.completecareshop.co.uk/bedroom-aids/chairs","dofollow","internal","active"
49,"https://www.completecareshop.co.uk/bedroom-aids/chairs/chair-booster-cushions","dofollow","internal","active"
50,"https://www.completecareshop.co.uk/bedroom-aids/chairs/weighing-and-chair-scales-2","dofollow","internal","active"
51,"https://www.completecareshop.co.uk/bedroom-aids/chair-raisers","dofollow","internal","active"
52,"https://www.completecareshop.co.uk/bedroom-aids/chair-pressure-cushions-2","dofollow","internal","active"
53,"https://www.completecareshop.co.uk/bedroom-aids/chair-pads-3","dofollow","internal","active"
54,"https://www.completecareshop.co.uk/bedroom-aids/chairs/riser-recliner-chairs-2","dofollow","internal","active"
55,"https://www.completecareshop.co.uk/bedroom-aids/bedding-accessories/waterproof-bedding","dofollow","internal","active"
56,"https://www.completecareshop.co.uk/bedroom-aids/bedding-accessories/bed-cot-bumpers","dofollow","internal","active"
57,"https://www.completecareshop.co.uk/bedroom-aids/bedding-accessories/washable-bed-pads-2","dofollow","internal","active"
58,"https://www.completecareshop.co.uk/bedroom-aids/bedding-accessories/mattress-toppers","dofollow","internal","active"
59,"https://www.completecareshop.co.uk/bedroom-aids/bedding-accessories","dofollow","internal","active"
60,"https://www.completecareshop.co.uk/bedroom-aids/posture-supports-and-wedges","dofollow","internal","active"
61,"https://www.completecareshop.co.uk/bedroom-aids/bed-grab-rails","dofollow","internal","active"
62,"https://www.completecareshop.co.uk/bedroom-aids/bed-raisers-2","dofollow","internal","active"
63,"https://www.completecareshop.co.uk/bedroom-aids/bedding-accessories/mattress-elevators","dofollow","internal","active"
64,"https://www.completecareshop.co.uk/bedroom-aids/portable-gantry-systems-2","dofollow","internal","active"
65,"https://www.completecareshop.co.uk/bedroom-aids/beds-and-mattresses/profiling-beds","dofollow","internal","active"
66,"https://www.completecareshop.co.uk/buying-guides/over-bed-chair-tables","dofollow","internal","active"
67,"https://www.completecareshop.co.uk/stories/get-a-better-nights-sleep","dofollow","internal","active"
68,"https://www.completecareshop.co.uk/mobility-aids","dofollow","internal","active"
69,"https://www.completecareshop.co.uk/mobility-aids/mobile-hoists","dofollow","internal","active"
70,"https://www.completecareshop.co.uk/mobility-aids/moving-and-handling-aids/pool-hoists-2","dofollow","internal","active"
71,"https://www.completecareshop.co.uk/mobility-aids/slings-3","dofollow","internal","active"
72,"https://www.completecareshop.co.uk/mobility-aids/stand-aids","dofollow","internal","active"
73,"https://www.completecareshop.co.uk/mobility-aids/moving-and-handling-aids","dofollow","internal","active"
74,"https://www.completecareshop.co.uk/mobility-aids/rollators-and-wheeled-walkers/rollators-4-wheeled","dofollow","internal","active"
75,"https://www.completecareshop.co.uk/mobility-aids/rollators-and-wheeled-walkers/rollators-with-seats","dofollow","internal","active"
76,"https://www.completecareshop.co.uk/mobility-aids/rollators-and-wheeled-walkers/heavy-duty-rollators","dofollow","internal","active"
77,"https://www.completecareshop.co.uk/mobility-aids/rollators-and-wheeled-walkers/rollators-3-wheeled","dofollow","internal","active"
78,"https://www.completecareshop.co.uk/mobility-aids/rollators-and-wheeled-walkers/lightweight-rollators","dofollow","internal","active"
79,"https://www.completecareshop.co.uk/mobility-aids/rollators-and-wheeled-walkers","dofollow","internal","active"
80,"https://www.completecareshop.co.uk/mobility-aids/walkers","dofollow","internal","active"
81,"https://www.completecareshop.co.uk/mobility-aids/rollator-accessories","dofollow","internal","active"
82,"https://www.completecareshop.co.uk/mobility-aids/wheelchairs","dofollow","internal","active"
83,"https://www.completecareshop.co.uk/mobility-aids/wheelchairs/lightweight-wheelchairs","dofollow","internal","active"
84,"https://www.completecareshop.co.uk/mobility-aids/wheelchairs/folding-wheelchairs","dofollow","internal","active"
85,"https://www.completecareshop.co.uk/mobility-aids/power-chairs","dofollow","internal","active"
86,"https://www.completecareshop.co.uk/mobility-aids/wheelchairs/specialist-wheelchairs","dofollow","internal","active"
87,"https://www.completecareshop.co.uk/mobility-aids/wheelchair-accessories-and-add-ons","dofollow","internal","active"
88,"https://www.completecareshop.co.uk/mobility-aids/wheelchair-accessories-and-add-ons/wheelchair-gloves","dofollow","internal","active"
89,"https://www.completecareshop.co.uk/mobility-aids/wheelchair-accessories-and-add-ons/wheelchair-tables","dofollow","internal","active"
90,"https://www.completecareshop.co.uk/mobility-aids/wheelchair-accessories-and-add-ons/wheelchair-clothing","dofollow","internal","active"
91,"https://www.completecareshop.co.uk/mobility-aids/wheelchair-cushions","dofollow","internal","active"
92,"https://www.completecareshop.co.uk/mobility-aids/wheelchairs/wheelchair-services","dofollow","internal","active"
93,"https://www.completecareshop.co.uk/mobility-aids/wheelchairs/electric-wheelchairs","dofollow","internal","active"
94,"https://www.completecareshop.co.uk/mobility-aids/mobility-scooters","dofollow","internal","active"
95,"https://www.completecareshop.co.uk/mobility-aids/mobility-scooters/mobility-scooter-covers","dofollow","internal","active"
96,"https://www.completecareshop.co.uk/mobility-aids/mobility-scooters/mobility-scooter-clothing","dofollow","internal","active"
97,"https://www.completecareshop.co.uk/mobility-aids/mobility-scooters/lightweight-mobility-scooters","dofollow","internal","active"
98,"https://www.completecareshop.co.uk/mobility-aids/mobility-scooters/mobility-scooter-batteries","dofollow","internal","active"
99,"https://www.completecareshop.co.uk/mobility-aids/mobility-ramps/threshold-ramps","dofollow","internal","active"
100,"https://www.completecareshop.co.uk/mobility-aids/mobility-ramps/fibreglass-ramps","dofollow","internal","active"
101,"https://www.completecareshop.co.uk/mobility-aids/mobility-ramps/wheelchair-ramps-2","dofollow","internal","active"
102,"https://www.completecareshop.co.uk/mobility-aids/mobility-ramps/mobility-scooter-ramps","dofollow","internal","active"
103,"https://www.completecareshop.co.uk/mobility-aids/mobility-ramps","dofollow","internal","active"
104,"https://www.completecareshop.co.uk/mobility-aids/mobility-ramps/portable-wheelchair-ramps","dofollow","internal","active"
105,"https://www.completecareshop.co.uk/mobility-aids/walking-sticks","dofollow","internal","active"
106,"https://www.completecareshop.co.uk/mobility-aids/walking-frames","dofollow","internal","active"
107,"https://www.completecareshop.co.uk/mobility-aids/walking-frame-accessories","dofollow","internal","active"
108,"https://www.completecareshop.co.uk/mobility-aids/crutches","dofollow","internal","active"
109,"https://www.completecareshop.co.uk/mobility-aids/crutches/coopers-crutches","dofollow","internal","active"
110,"https://www.completecareshop.co.uk/mobility-aids/crutches/ossenberg-crutches","dofollow","internal","active"
111,"https://www.completecareshop.co.uk/mobility-aids/crutches/coloured-crutches","dofollow","internal","active"
112,"https://www.completecareshop.co.uk/mobility-aids/crutches/elbow-crutches","dofollow","internal","active"
113,"https://www.completecareshop.co.uk/mobility-aids/trolleys/wheeled-trolleys-2","dofollow","internal","active"
114,"https://www.completecareshop.co.uk/mobility-aids/trolleys","dofollow","internal","active"
115,"https://www.completecareshop.co.uk/mobility-aids/flipsticks","dofollow","internal","active"
116,"https://www.completecareshop.co.uk/mobility-aids/home-lifts","dofollow","internal","active"
117,"https://www.completecareshop.co.uk/buying-guides/rollators","dofollow","internal","active"
118,"https://www.completecareshop.co.uk/stories/worried-about-walking-perhaps-it-s-time-to-try-a-mobility-aid","dofollow","internal","active"
119,"https://www.completecareshop.co.uk/daily-living-aids","dofollow","internal","active"
120,"https://www.completecareshop.co.uk/daily-living-aids/personal-care-hygiene-aids","dofollow","internal","active"
121,"https://www.completecareshop.co.uk/daily-living-aids/personal-care-hygiene-aids/face-masks-2","dofollow","internal","active"
122,"https://www.completecareshop.co.uk/daily-living-aids/personal-care-hygiene-aids/hand-sanitisers-3","dofollow","internal","active"
123,"https://www.completecareshop.co.uk/daily-living-aids/gloves-2","dofollow","internal","active"
124,"https://www.completecareshop.co.uk/daily-living-aids/personal-hygiene-and-grooming-aids","dofollow","internal","active"
125,"https://www.completecareshop.co.uk/daily-living-aids/personal-care-hygiene-aids/pill-boxes-organisers","dofollow","internal","active"
126,"https://www.completecareshop.co.uk/daily-living-aids/health-and-wellbeing","dofollow","internal","active"
127,"https://www.completecareshop.co.uk/daily-living-aids/warming-aids","dofollow","internal","active"
128,"https://www.completecareshop.co.uk/daily-living-aids/personal-care-hygiene-aids/womens-health-supplements-3","dofollow","internal","active"
129,"https://www.completecareshop.co.uk/daily-living-aids/personal-care-hygiene-aids/health-monitors-2","dofollow","internal","active"
130,"https://www.completecareshop.co.uk/daily-living-aids/general-household-aids/household-tables","dofollow","internal","active"
131,"https://www.completecareshop.co.uk/daily-living-aids/household-mobility/half-steps-2","dofollow","internal","active"
132,"https://www.completecareshop.co.uk/daily-living-aids/general-household-aids","dofollow","internal","active"
133,"https://www.completecareshop.co.uk/daily-living-aids/key-turners","dofollow","internal","active"
134,"https://www.completecareshop.co.uk/daily-living-aids/reaching-aids","dofollow","internal","active"
135,"https://www.completecareshop.co.uk/daily-living-aids/footstools","dofollow","internal","active"
136,"https://www.completecareshop.co.uk/daily-living-aids/non-slip-matting-2","dofollow","internal","active"
137,"https://www.completecareshop.co.uk/daily-living-aids/foot-leg-rests","dofollow","internal","active"
138,"https://www.completecareshop.co.uk/daily-living-aids/reading-and-writing-aids","dofollow","internal","active"
139,"https://www.completecareshop.co.uk/daily-living-aids/blankets","dofollow","internal","active"
140,"https://www.completecareshop.co.uk/daily-living-aids/maternity-supports-2","dofollow","internal","active"
141,"https://www.completecareshop.co.uk/daily-living-aids/continence-care-incontinence-aids","dofollow","internal","active"
142,"https://www.completecareshop.co.uk/daily-living-aids/compression-stocking-aids","dofollow","internal","active"
143,"https://www.completecareshop.co.uk/daily-living-aids/dressing-aids","dofollow","internal","active"
144,"https://www.completecareshop.co.uk/daily-living-aids/body-supports-and-aids","dofollow","internal","active"
145,"https://www.completecareshop.co.uk/daily-living-aids/health-and-wellbeing/sock-stocking-and-tight-aids-2","dofollow","internal","active"
146,"https://www.completecareshop.co.uk/daily-living-aids/exercise/hand-exercisers","dofollow","internal","active"
147,"https://www.completecareshop.co.uk/daily-living-aids/exercise/pedal-exercisers","dofollow","internal","active"
148,"https://www.completecareshop.co.uk/daily-living-aids/exercise","dofollow","internal","active"
149,"https://www.completecareshop.co.uk/daily-living-aids/leisure-and-hobbies","dofollow","internal","active"
150,"https://www.completecareshop.co.uk/daily-living-aids/gardening-aids","dofollow","internal","active"
151,"https://www.completecareshop.co.uk/daily-living-aids/indoor-games","dofollow","internal","active"
152,"https://www.completecareshop.co.uk/daily-living-aids/night-lights-and-safety-lights","dofollow","internal","active"
153,"https://www.completecareshop.co.uk/daily-living-aids/big-digit-and-talking-clocks","dofollow","internal","active"
154,"https://www.completecareshop.co.uk/daily-living-aids/phones","dofollow","internal","active"
155,"https://www.completecareshop.co.uk/daily-living-aids/phone-accessories","dofollow","internal","active"
156,"https://www.completecareshop.co.uk/daily-living-aids/home-security-and-access-control","dofollow","internal","active"
157,"https://www.completecareshop.co.uk/daily-living-aids/safety-aids","dofollow","internal","active"
158,"https://www.completecareshop.co.uk/daily-living-aids/monitors-and-alarms","dofollow","internal","active"
159,"https://www.completecareshop.co.uk/bedroom-aids/chairs/dual-motor-riser-recliner-chairs","dofollow","internal","active"
160,"https://www.completecareshop.co.uk/stories/5-daily-living-aids-you-didn-t-know-you-might-need","dofollow","internal","active"
161,"https://www.completecareshop.co.uk/live-well/incontinence-the-unspoken-subject","dofollow","internal","active"
162,"https://www.completecareshop.co.uk/kitchen-aids","dofollow","internal","active"
163,"https://www.completecareshop.co.uk/kitchen-aids/sponges-and-washing-aids","dofollow","internal","active"
164,"https://www.completecareshop.co.uk/kitchen-aids/kitchen-trolleys","dofollow","internal","active"
165,"https://www.completecareshop.co.uk/kitchen-aids/kitchen-aids-and-gadgets","dofollow","internal","active"
166,"https://www.completecareshop.co.uk/kitchen-aids/easy-open-food-containers","dofollow","internal","active"
167,"https://www.completecareshop.co.uk/kitchen-aids/knob-turners","dofollow","internal","active"
168,"https://www.completecareshop.co.uk/kitchen-aids/eating-aids","dofollow","internal","active"
169,"https://www.completecareshop.co.uk/kitchen-aids/good-grip-utensils","dofollow","internal","active"
170,"https://www.completecareshop.co.uk/kitchen-aids/non-slip-kitchen-mats","dofollow","internal","active"
171,"https://www.completecareshop.co.uk/kitchen-aids/gloves","dofollow","internal","active"
172,"https://www.completecareshop.co.uk/kitchen-aids/cups/feeding-cups-and-lids","dofollow","internal","active"
173,"https://www.completecareshop.co.uk/kitchen-aids/drinking-aids","dofollow","internal","active"
174,"https://www.completecareshop.co.uk/kitchen-aids/cups/adult-drinking-cups","dofollow","internal","active"
175,"https://www.completecareshop.co.uk/kitchen-aids/drinking-aids/non-spill-cups-2","dofollow","internal","active"
176,"https://www.completecareshop.co.uk/kitchen-aids/cups","dofollow","internal","active"
177,"https://www.completecareshop.co.uk/kitchen-aids/bibs","dofollow","internal","active"
178,"https://www.completecareshop.co.uk/kitchen-aids/cutlery/angled-cutlery","dofollow","internal","active"
179,"https://www.completecareshop.co.uk/kitchen-aids/cutlery/adapted-cutlery","dofollow","internal","active"
180,"https://www.completecareshop.co.uk/kitchen-aids/plates-and-bowls/plate-surrounds-guards","dofollow","internal","active"
181,"https://www.completecareshop.co.uk/kitchen-aids/plates-and-bowls","dofollow","internal","active"
182,"https://www.completecareshop.co.uk/kitchen-aids/cutlery","dofollow","internal","active"
183,"https://www.completecareshop.co.uk/kitchen-aids/plates-and-bowls/high-sided-plates","dofollow","internal","active"
184,"https://www.completecareshop.co.uk/live-well/our-top-drinking-aids-to-help-you-stay-hydrated","dofollow","internal","active"
185,"https://www.completecareshop.co.uk/stories/the-perfect-products-to-help-you-stay-safe-and-independent-in-the-kitchen","dofollow","internal","active"
186,"https://www.completecareshop.co.uk/medical-supplies-aids","dofollow","internal","active"
187,"https://www.completecareshop.co.uk/medical-supplies-aids/crutches-2","dofollow","internal","active"
188,"https://www.completecareshop.co.uk/medical-supplies-aids/foot-care-and-footwear","dofollow","internal","active"
189,"https://www.completecareshop.co.uk/medical-supplies-aids/body-aids-and-supports","dofollow","internal","active"
190,"https://www.completecareshop.co.uk/medical-supplies-aids/orthopaedic-body-aids","dofollow","internal","active"
191,"https://www.completecareshop.co.uk/medical-supplies-aids/maternity-supports","dofollow","internal","active"
192,"https://www.completecareshop.co.uk/medical-supplies-aids/medical-equipment-and-accessories/cervical-collars","dofollow","internal","active"
193,"https://www.completecareshop.co.uk/medical-supplies-aids/medical-equipment-and-accessories/head-and-face-support-cushions","dofollow","internal","active"
194,"https://www.completecareshop.co.uk/medical-supplies-aids/hoists","dofollow","internal","active"
195,"https://www.completecareshop.co.uk/medical-supplies-aids/collars","dofollow","internal","active"
196,"https://www.completecareshop.co.uk/medical-supplies-aids/physiotherapy-aids","dofollow","internal","active"
197,"https://www.completecareshop.co.uk/medical-supplies-aids/exercisers","dofollow","internal","active"
198,"https://www.completecareshop.co.uk/medical-supplies-aids/therapy","dofollow","internal","active"
199,"https://www.completecareshop.co.uk/medical-supplies-aids/rehabilitation","dofollow","internal","active"
200,"https://www.completecareshop.co.uk/medical-supplies-aids/body-aids-and-supports/massage-oils","dofollow","internal","active"
201,"https://www.completecareshop.co.uk/medical-supplies-aids/body-aids-and-supports/massage-tables","dofollow","internal","active"
202,"https://www.completecareshop.co.uk/medical-supplies-aids/vitamins-and-supplements","dofollow","internal","active"
203,"https://www.completecareshop.co.uk/medical-supplies-aids/games","dofollow","internal","active"
204,"https://www.completecareshop.co.uk/medical-supplies-aids/mats","dofollow","internal","active"
205,"https://www.completecareshop.co.uk/medical-supplies-aids/tables","dofollow","internal","active"
206,"https://www.completecareshop.co.uk/medical-supplies-aids/first-aid-kits","dofollow","internal","active"
207,"https://www.completecareshop.co.uk/medical-supplies-aids/chair-pressure-cushions","dofollow","internal","active"
208,"https://www.completecareshop.co.uk/medical-supplies-aids/medical-equipment-and-accessories/emergency-lifting-cushions","dofollow","internal","active"
209,"https://www.completecareshop.co.uk/medical-supplies-aids/cushions","dofollow","internal","active"
210,"https://www.completecareshop.co.uk/medical-supplies-aids/medical-equipment-and-accessories/patient-turners","dofollow","internal","active"
211,"https://www.completecareshop.co.uk/medical-supplies-aids/slings","dofollow","internal","active"
212,"https://www.completecareshop.co.uk/medical-supplies-aids/medical-equipment-and-accessories/portable-gantry-systems","dofollow","internal","active"
213,"https://www.completecareshop.co.uk/medical-supplies-aids/positioning-and-repositioning-aids-and-kits","dofollow","internal","active"
214,"https://www.completecareshop.co.uk/medical-supplies-aids/medical-hygeine-aids","dofollow","internal","active"
215,"https://www.completecareshop.co.uk/medical-supplies-aids/medical-equipment-and-accessories","dofollow","internal","active"
216,"https://www.completecareshop.co.uk/medical-supplies-aids/blood-pressure-monitors-2","dofollow","internal","active"
217,"https://www.completecareshop.co.uk/medical-supplies-aids/health-monitors","dofollow","internal","active"
218,"https://www.completecareshop.co.uk/medical-supplies-aids/patient-transfer-trolleys","dofollow","internal","active"
219,"https://www.completecareshop.co.uk/medical-supplies-aids/medical-treatment-room-furniture","dofollow","internal","active"
220,"https://www.completecareshop.co.uk/medical-supplies-aids/general-medical-aids","dofollow","internal","active"
221,"https://www.completecareshop.co.uk/medical-supplies-aids/assessment-tools","dofollow","internal","active"
222,"https://www.completecareshop.co.uk/medical-supplies-aids/sensory-aids","dofollow","internal","active"
223,"https://www.completecareshop.co.uk/medical-supplies-aids/sensory-equipment","dofollow","internal","active"
224,"https://www.completecareshop.co.uk/medical-supplies-aids/sensory-aids/hearing-aids","dofollow","internal","active"
225,"https://www.completecareshop.co.uk/live-well/ways-you-can-monitor-your-health-at-home","dofollow","internal","active"
226,"https://www.completecareshop.co.uk/live-well/do-you-know-what-your-blood-pressure-is","dofollow","internal","active"
227,"https://www.completecareshop.co.uk/childrens-aids","dofollow","internal","active"
228,"https://www.completecareshop.co.uk/childrens-aids/childrens-cutlery","dofollow","internal","active"
229,"https://www.completecareshop.co.uk/childrens-aids/childrens-bowls","dofollow","internal","active"
230,"https://www.completecareshop.co.uk/childrens-aids/childrens-drinking-aids","dofollow","internal","active"
231,"https://www.completecareshop.co.uk/childrens-aids/childrens-feeding-cups","dofollow","internal","active"
232,"https://www.completecareshop.co.uk/childrens-aids/childrens-plate-surrounds","dofollow","internal","active"
233,"https://www.completecareshop.co.uk/childrens-aids/childrens-plates","dofollow","internal","active"
234,"https://www.completecareshop.co.uk/childrens-aids/childrens-drinking-cups","dofollow","internal","active"
235,"https://www.completecareshop.co.uk/childrens-aids/childrens-walking-aids","dofollow","internal","active"
236,"https://www.completecareshop.co.uk/childrens-aids/childrens-posture-walkers","dofollow","internal","active"
237,"https://www.completecareshop.co.uk/childrens-aids/trotter-mobility-chair","dofollow","internal","active"
238,"https://www.completecareshop.co.uk/childrens-aids/rollators-for-children","dofollow","internal","active"
239,"https://www.completecareshop.co.uk/childrens-aids/crutches-for-children","dofollow","internal","active"
240,"https://www.completecareshop.co.uk/childrens-aids/childrens-insoles","dofollow","internal","active"
241,"https://www.completecareshop.co.uk/childrens-aids/childrens-commodes-and-toileting","dofollow","internal","active"
242,"https://www.completecareshop.co.uk/childrens-aids/childrens-bathing-aids","dofollow","internal","active"
243,"https://www.completecareshop.co.uk/childrens-aids/bath-lifts-for-children","dofollow","internal","active"
244,"https://www.completecareshop.co.uk/childrens-aids/childrens-bath-chairs","dofollow","internal","active"
245,"https://www.completecareshop.co.uk/childrens-aids/childrens-toilet-platforms","dofollow","internal","active"
246,"https://www.completecareshop.co.uk/childrens-aids/paediatric-incontinence-knickers","dofollow","internal","active"
247,"https://www.completecareshop.co.uk/childrens-aids/childrens-handling-belts","dofollow","internal","active"
248,"https://www.completecareshop.co.uk/childrens-aids/childrens-work-tables","dofollow","internal","active"
249,"https://www.completecareshop.co.uk/childrens-aids/sensory-toys","dofollow","internal","active"
250,"https://www.completecareshop.co.uk/childrens-aids/childrens-writing-aids","dofollow","internal","active"
251,"https://www.completecareshop.co.uk/childrens-aids/play-and-development","dofollow","internal","active"
252,"https://www.completecareshop.co.uk/childrens-aids/childrens-games","dofollow","internal","active"
253,"https://www.completecareshop.co.uk/childrens-aids/childrens-equipment","dofollow","internal","active"
254,"https://www.completecareshop.co.uk/childrens-aids/outdoor-games","dofollow","internal","active"
255,"https://www.completecareshop.co.uk/childrens-aids/kaye-childrens-seating","dofollow","internal","active"
256,"https://www.completecareshop.co.uk/childrens-aids/childrens-seating","dofollow","internal","active"
257,"https://www.completecareshop.co.uk/stories/a-guide-to-childrens-walking-aids","dofollow","internal","active"
258,"https://www.completecareshop.co.uk/stories/castle-school-cambridge-gayle-s-story","dofollow","internal","active"
259,"https://www.completecareshop.co.uk/services-hub","dofollow","internal","active"
260,"https://www.completecareshop.co.uk/bathroom-adaptations","dofollow","internal","active"
261,"https://www.completecareshop.co.uk/stairlift-installations","dofollow","internal","active"
262,"https://www.completecareshop.co.uk/home-lifts","dofollow","internal","active"
263,"https://www.completecareshop.co.uk/hoists-equipment","dofollow","internal","active"
264,"https://www.completecareshop.co.uk/services/insurance/wheelchair-insurance?sku=S07107","dofollow","internal","active"
265,"https://www.completecareshop.co.uk/services/insurance/high-value-insurance?sku=S07144","dofollow","internal","active"
266,"https://www.completecareshop.co.uk/services/insurance/mobility-scooter-insurance?sku=S07089","dofollow","internal","active"
267,"https://www.completecareshop.co.uk/services/insurance/powerchair-insurance?sku=S35073","dofollow","internal","active"
268,"https://www.completecareshop.co.uk/services/insurance/in-home-warranty?sku=S07168","dofollow","internal","active"
269,"https://www.completecareshop.co.uk/mobility-aids/moving-and-handling-aids/servicing-and-installation/white-glove-services-and-repairs?sku=S03400","dofollow","internal","active"
270,"https://www.completecareshop.co.uk/mobility-aids/moving-and-handling-aids/servicing-and-installation/white-glove-services-and-repairs-6?sku=S03394","dofollow","internal","active"
271,"https://www.completecareshop.co.uk/mobility-aids/moving-and-handling-aids/servicing-and-installation/white-glove-services-and-repairs-3?sku=S03382","dofollow","internal","active"
272,"https://www.completecareshop.co.uk/mobility-aids/moving-and-handling-aids/servicing-and-installation/white-glove-services-and-repairs-2?sku=S03370","dofollow","internal","active"
273,"https://www.completecareshop.co.uk/mobility-aids/moving-and-handling-aids/servicing-and-installation/white-glove-services-and-repairs-5?sku=S03412","dofollow","internal","active"
274,"https://www.completecareshop.co.uk/mobility-aids/wheelchairs/wheelchair-services/annual-service-specialist-powered-wheelchair?sku=S15402","dofollow","internal","active"
275,"https://www.completecareshop.co.uk/mobility-aids/wheelchairs/wheelchair-services/specialist-wheelchair-annual-service?sku=S15396","dofollow","internal","active"
276,"https://www.completecareshop.co.uk/mobility-aids/wheelchairs/wheelchair-services/annual-service-advanced-specialist-wheelchair?sku=S15414","dofollow","internal","active"
277,"https://www.completecareshop.co.uk/mobility-aids/wheelchairs/wheelchair-services/specialist-wheelchair-engineer-home-visit?sku=S15384","dofollow","internal","active"
278,"https://www.completecareshop.co.uk/mobility-aids/wheelchairs/wheelchair-services/thirty-minutes-labour-wheelchair?sku=S15426","dofollow","internal","active"
279,"https://www.completecareshop.co.uk/virtual-assessment-service","dofollow","internal","active"
280,"https://www.completecareshop.co.uk/free-product-advice-from-ots","dofollow","internal","active"
281,"https://www.completecareshop.co.uk/wheelchair-assessment","dofollow","internal","active"
282,"https://www.completecareshop.co.uk/stories","dofollow","internal","active"
283,"https://www.completecareshop.co.uk/help-loved-ones","dofollow","internal","active"
284,"https://www.completecareshop.co.uk/live-well","dofollow","internal","active"
285,"https://www.completecareshop.co.uk/advice-services","dofollow","internal","active"
286,"https://www.completecareshop.co.uk/stories/relief-from-incontinence-poverty","dofollow","internal","active"
287,"https://www.completecareshop.co.uk/live-well/where-are-mobility-scooters-allowed-to-be-used","dofollow","internal","active"
288,"https://www.completecareshop.co.uk/stories/what-is-the-best-rise-and-recline-chair-to-keep-you-comfortable","dofollow","internal","active"
289,"https://www.completecareshop.co.uk/live-well/living-well-with-back-pain","dofollow","internal","active"
290,"https://www.completecareshop.co.uk/christmas","dofollow","internal","active"
